Gene	Neurons	Gonad	Hypodermis	Pharynx	Body_wall_muscle	Glia	Intestine
aap-1	Moderate	High	Moderate	Moderate	Low	Moderate	Moderate
ace-1	Moderate	Rare	Low	Moderate	High	Low	Low
ace-2	High	Low	High	High	High	High	High
ace-4	High	Low	Low	Moderate	Low	Rare	Low
aco-1	Moderate	Low	High	High	Moderate	High	High
aco-2	High	High	High	High	High	High	High
acy-1	High	Moderate	Moderate	High	High	High	Low
acy-2	High	Rare	Low	Low	Low	Low	Low
acy-4	High	Rare	Low	Moderate	Rare	Moderate	High
ads-1	Low	Low	Low	Low	Low	Moderate	High
age-1	High	High	High	High	High	High	High
alh-1	Moderate	High	High	Moderate	High	Moderate	High
alh-2	Low	Rare	Rare	Rare	Rare	Low	Low
alh-3	Moderate	High	High	Moderate	Low	Moderate	High
alh-4	High	High	High	High	Moderate	High	High
alh-5	Low	Rare	Low	Rare	Rare	Rare	High
alh-6	High	High	Moderate	High	High	High	High
alh-7	Moderate	Moderate	Moderate	Moderate	Moderate	Low	Moderate
alh-8	High	High	High	High	High	High	High
alh-9	Low	High	High	Low	Low	Low	Moderate
alh-11	High	High	High	High	Moderate	High	High
alh-12	Low	Rare	Low	Rare	High	Low	High
ama-1	High	High	High	High	High	High	High
amx-2	Moderate	Low	High	High	Low	Low	Moderate
ard-1	Moderate	High	Moderate	Moderate	High	Moderate	High
aars-1	High	High	High	High	High	High	High
aars-2	High	High	High	High	High	High	High
art-1	High	High	High	High	High	High	High
asb-1	High	High	Moderate	Moderate	Moderate	Moderate	Low
asb-2	High	High	High	High	High	High	High
asg-1	Moderate	High	Moderate	Moderate	High	Moderate	Moderate
asg-2	High	Moderate	High	High	High	High	High
asm-1	Rare	Low	Low	Low	High	Moderate	Low
asm-2	Low	Rare	Rare	Rare	Rare	Rare	High
asm-3	Low	Rare	Rare	Rare	Rare	Rare	Low
asp-1	Moderate	Low	Moderate	Low	Low	Rare	High
asp-2	Low	Low	Low	Low	Low	Low	High
asp-3	Low	Low	Low	Moderate	Low	Low	High
asp-5	Low	Low	Low	Low	Low	Low	High
atp-2	High	High	High	High	High	High	High
atp-3	High	High	High	High	High	High	High
bas-1	Moderate	Rare	Low	Rare	Low	High	Low
pah-1	Low	Low	High	Low	Low	Moderate	Low
bca-1	Moderate	Low	Moderate	Moderate	High	Rare	Moderate
bli-3	Low	Low	High	High	Low	High	Low
bli-4	High	High	High	High	High	High	High
bre-1	High	Low	High	High	Moderate	High	High
bre-4	High	High	Moderate	High	High	High	Moderate
cah-1	High	Low	Low	Rare	Low	Rare	Rare
cah-2	High	Rare	Low	Low	Low	Low	Rare
cah-3	High	Rare	Low	Moderate	High	Low	Moderate
cah-4	Moderate	Low	High	High	Moderate	Low	Low
cah-5	Moderate	Rare	Low	Moderate	High	Rare	High
cah-6	High	Rare	Low	Moderate	Low	Low	Low
cat-1	High	Low	Low	Moderate	Rare	High	Low
cat-2	High	Low	Rare	Rare	Rare	High	Rare
cat-4	Low	Rare	Moderate	Low	Low	Low	High
cbp-1	High	High	High	High	High	High	High
cco-1	High	High	High	High	High	High	High
cdd-1	Low	Rare	Low	Moderate	Rare	Rare	High
cdd-2	Low	High	Low	Moderate	Low	Low	High
cha-1	High	Rare	Low	Moderate	Low	Low	Low
chs-1	Low	High	Low	Low	Rare	Low	Low
chs-2	Low	Moderate	Low	High	Low	Moderate	Low
cht-1	Rare	Rare	Rare	High	Rare	Low	Rare
cka-1	Moderate	High	Low	Moderate	High	High	High
cka-2	High	Low	Low	Moderate	Moderate	Low	Rare
ckb-1	Low	Low	Moderate	Low	Low	High	Moderate
ckb-2	Moderate	Low	High	Low	Low	Low	Moderate
ckb-3	Rare	Rare	Rare	Rare	Rare	Low	Rare
ckb-4	Moderate	Low	Moderate	Moderate	Low	High	Moderate
ckc-1	Moderate	Rare	Low	Rare	Rare	Low	High
clk-1	High	High	High	Low	High	High	Low
coq-1	Moderate	High	Moderate	Moderate	High	High	High
coq-2	High	High	Moderate	Moderate	Moderate	Moderate	High
coq-3	High	High	High	High	Moderate	High	High
coq-5	Low	High	Moderate	Moderate	Moderate	Low	Low
coq-6	Moderate	Moderate	Moderate	Low	Moderate	Moderate	Moderate
cpin-1	Moderate	Rare	High	Low	Low	Rare	Low
cars-1	High	High	High	High	High	High	High
ctb-1	High	High	High	High	High	High	High
ctl-1	Rare	Rare	Rare	Rare	Rare	Rare	Low
ctl-2	Rare	Rare	Low	Rare	Rare	Rare	High
cts-1	High	High	High	High	High	High	High
cyc-1	High	High	High	High	High	High	High
daf-9	High	Rare	High	Low	Low	High	Rare
daf-11	High	Rare	Low	Low	Low	Rare	Rare
daf-18	High	High	High	High	High	High	High
dao-3	Low	Low	High	Low	Low	Moderate	Moderate
dgk-1	High	Low	Low	Moderate	High	Moderate	Low
dgk-2	High	Moderate	High	High	High	High	High
dgk-3	High	Rare	Rare	Rare	Rare	Rare	Rare
dhp-1	Low	Low	High	Rare	Low	Rare	Low
dhp-2	Low	Rare	Low	Rare	High	Low	Low
dhs-3	Low	Moderate	Low	Low	Low	Moderate	High
dhs-13	Low	High	High	High	High	Moderate	High
dhs-19	Moderate	Low	High	High	High	High	Low
dhs-21	Rare	Rare	Moderate	Rare	Rare	Low	High
dhs-25	Low	Low	Moderate	Moderate	High	Moderate	High
dhs-28	Low	Rare	Moderate	Low	Low	Rare	High
dif-1	High	High	Moderate	Moderate	High	Moderate	High
div-1	Low	High	High	High	Moderate	Low	Moderate
dnj-15	Moderate	High	Moderate	Moderate	Moderate	Moderate	Moderate
dpy-18	High	Moderate	High	High	High	High	Moderate
drp-1	High	High	High	Moderate	High	High	High
dars-1	High	High	High	High	High	High	High
dars-2	Low	High	Moderate	Low	Moderate	Low	High
dyn-1	High	Low	High	High	High	High	High
eat-3	High	High	High	High	High	High	High
eat-6	High	High	High	High	High	High	High
bcat-1	High	Low	Moderate	High	High	Moderate	High
ech-1.1	Low	Rare	Low	Rare	Rare	Low	High
ech-3	Low	Low	Low	Moderate	Low	Low	High
ech-4	Low	High	Moderate	Low	High	Low	High
ech-5	Moderate	Moderate	Moderate	Moderate	Moderate	Low	High
ech-6	Moderate	High	High	High	High	Low	High
ech-7	Moderate	Rare	Low	Rare	Rare	Rare	High
ech-8	Low	Rare	Low	Low	Low	Rare	High
ech-9	Low	Rare	Rare	Rare	Rare	Rare	High
egl-8	High	High	High	High	High	High	High
elo-1	Low	High	High	Moderate	High	Moderate	High
elo-2	Moderate	Moderate	Moderate	Moderate	Moderate	High	High
elo-3	Moderate	Moderate	Moderate	High	High	Moderate	Moderate
elo-4	Low	Rare	High	Rare	Low	Moderate	Rare
elo-5	Low	Low	Low	Low	Rare	Low	High
elo-6	Low	Low	High	High	Low	Low	High
elo-7	Rare	Rare	Rare	Rare	Rare	Rare	Rare
elo-9	Low	Low	Low	High	Rare	Moderate	High
emb-8	High	High	High	High	Moderate	High	High
qars-1	High	High	High	High	High	High	High
ears-1	High	High	High	High	High	High	High
ears-2	High	High	Moderate	High	Moderate	Moderate	High
fat-1	High	High	High	High	High	High	High
fat-2	Moderate	Moderate	High	High	High	Moderate	High
fat-3	Low	Moderate	High	High	High	High	High
fat-4	High	High	High	High	Low	High	High
fat-5	Low	Rare	Low	Low	Rare	Low	High
fat-6	Low	Low	High	Low	Low	Low	High
fat-7	Rare	Rare	Rare	Rare	Rare	Rare	Low
fbp-1	High	High	High	High	High	High	High
fce-1	High	High	High	High	High	High	High
fce-2	Low	High	Low	Low	Low	Rare	Low
fmo-1	Rare	Rare	Rare	Rare	Rare	Rare	High
fmo-2	Rare	Rare	Low	Low	Rare	Low	Low
fmo-3	Low	Rare	High	Rare	Low	Moderate	Rare
fmo-4	Low	Low	High	Low	Low	High	Low
fmo-5	Low	Moderate	High	High	High	High	High
frh-1	Low	Moderate	Low	Moderate	Low	Moderate	Low
fars-1	High	High	High	High	High	High	High
fars-3	High	High	High	High	High	High	High
ftn-1	Rare	Rare	Rare	Low	Rare	Rare	Rare
ftn-2	Low	Rare	Moderate	Rare	Low	Low	High
fum-1	High	High	High	High	High	High	High
fut-8	High	Low	Low	Moderate	High	High	High
gas-1	High	Moderate	High	High	High	High	High
gbh-1	Low	Rare	Moderate	Moderate	Low	Rare	High
gbh-2	Moderate	Low	Moderate	Low	Moderate	Low	High
gcs-1	High	High	High	High	Moderate	Moderate	High
gcy-1	High	Rare	Rare	Low	Rare	Rare	Rare
gcy-2	Low	Rare	Low	Low	Rare	Rare	Low
gcy-3	High	Rare	Rare	Rare	Low	Rare	Rare
gcy-4	High	Rare	Rare	Rare	Rare	Rare	Low
gcy-5	High	Rare	Low	Low	Low	Rare	Low
gcy-8	High	Low	Low	Rare	Rare	Low	Rare
gcy-9	High	Rare	Low	Low	Rare	Rare	Low
gcy-12	High	Moderate	High	Moderate	High	High	High
gcy-14	High	Rare	Rare	Rare	Rare	Rare	Rare
gcy-15	High	Rare	Low	Rare	Rare	Rare	Rare
gcy-17	High	Rare	Low	Low	Rare	Rare	Low
gcy-18	High	Low	Moderate	Low	Rare	Rare	Rare
gcy-19	High	Rare	Low	Low	Low	Rare	Rare
gcy-20	High	Rare	Rare	Rare	Rare	Low	Rare
gcy-21	High	Rare	Low	Low	Low	Rare	Low
gcy-22	High	Rare	Low	Low	Low	High	Low
gcy-23	High	Low	Low	Low	Low	Rare	Low
gcy-25	Moderate	Rare	Low	Rare	Low	Rare	Low
gcy-31	High	Low	Moderate	Low	Moderate	Moderate	Low
gcy-32	High	Rare	Low	Rare	Rare	Rare	Rare
gcy-33	High	Low	Low	Rare	Low	Low	Rare
gcy-34	High	Low	Low	Rare	High	Moderate	Moderate
gcy-35	High	Low	Low	Low	Moderate	Moderate	Low
gcy-36	High	Low	Low	Rare	Low	Moderate	Low
gcy-37	High	Rare	Low	Low	Rare	Rare	Rare
icl-1	Moderate	Low	High	High	High	Moderate	High
gld-2	High	High	High	High	High	High	High
gln-1	Moderate	Low	Moderate	High	Low	High	Moderate
gln-2	High	Low	Low	Rare	Rare	Rare	Rare
gln-3	Moderate	Low	High	High	High	Moderate	High
gln-5	Low	High	Rare	Low	Low	Rare	Rare
gln-6	Rare	High	Rare	Low	Rare	Low	Rare
gly-12	High	Low	High	Moderate	Moderate	High	Low
gly-13	Moderate	Moderate	Moderate	Moderate	Moderate	High	High
gly-14	Low	High	Low	Low	Low	Rare	Rare
gly-20	High	High	High	High	High	High	Low
gna-1	Moderate	Moderate	Moderate	Moderate	Moderate	High	Low
gna-2	Rare	High	Low	Low	Rare	Rare	Rare
gob-1	High	Low	Moderate	High	High	Moderate	High
gpd-1	Low	High	Low	Rare	Low	Low	Rare
gpd-2	High	Low	High	High	High	High	High
gpd-3	High	Moderate	High	High	High	High	High
gpd-4	Moderate	High	Rare	Rare	Low	Moderate	Low
gars-1	High	High	High	High	High	High	High
gst-11	High	Rare	Low	Low	Low	Low	Low
gst-42	Low	Rare	Moderate	Low	Rare	Low	Moderate
gst-43	Low	Moderate	Moderate	Low	Low	Moderate	Moderate
gsy-1	High	High	Low	High	High	Moderate	High
gta-1	High	Low	Moderate	Low	High	High	High
hap-1	Moderate	Moderate	Moderate	Moderate	Moderate	Moderate	Low
hdl-1	Rare	Rare	Low	Rare	Rare	Rare	Rare
hgo-1	High	Low	High	Low	Rare	Moderate	High
hpd-1	Low	Rare	High	Rare	Low	Low	High
hars-1	Moderate	High	High	High	High	High	High
hsp-6	High	High	High	High	High	High	High
hyl-1	Rare	High	Low	High	Moderate	Low	High
hyl-2	Moderate	Low	Moderate	Moderate	Moderate	Moderate	High
ipp-5	Moderate	Rare	Moderate	High	Moderate	Low	Moderate
iars-1	High	High	High	High	High	High	High
iars-2	Moderate	High	High	High	High	Moderate	High
isp-1	High	High	High	High	High	High	High
kat-1	Moderate	High	High	High	High	High	High
kars-1	High	High	High	High	High	High	High
lap-1	High	High	High	High	High	High	High
lap-2	High	High	High	High	High	High	High
ldh-1	High	Low	High	Moderate	High	High	Low
let-268	Moderate	High	Low	Low	High	Low	Low
let-721	High	High	High	High	High	High	High
let-754	High	High	High	High	High	High	High
let-767	High	High	High	High	High	High	High
lfe-2	Moderate	Low	High	High	Low	High	High
lin-46	Low	Low	High	Moderate	Low	High	Rare
lin-59	High	High	High	High	High	High	High
lis-1	High	High	High	High	High	High	High
lpd-5	High	High	High	High	High	High	Moderate
lars-1	High	High	High	High	High	High	High
lars-2	High	High	High	High	High	Moderate	High
mdh-2	High	High	High	High	High	High	High
mel-32	Moderate	High	High	Moderate	Moderate	Moderate	High
mes-2	Moderate	High	Moderate	Low	Low	Moderate	Moderate
mev-1	High	High	High	High	High	High	Low
mif-1	Moderate	Moderate	Moderate	Low	Moderate	Moderate	Low
mig-23	Moderate	Low	High	High	Moderate	High	High
moc-1	Moderate	Rare	High	Low	Moderate	Moderate	High
moc-2	High	Low	High	High	Low	High	Low
mrp-5	High	Moderate	High	High	High	High	High
mars-1	High	High	High	High	High	High	High
mtm-1	Moderate	High	Moderate	High	Moderate	High	High
mtm-3	High	High	High	High	High	High	High
mtm-6	High	High	Moderate	Moderate	Moderate	Moderate	High
ndx-2	Low	Moderate	Moderate	Low	Low	Rare	Low
ndx-6	High	High	High	High	Low	High	Low
nlt-1	Rare	Low	Low	Rare	Low	Moderate	High
nnt-1	Moderate	Low	Low	Low	Low	Low	High
nars-1	Moderate	High	High	High	High	High	High
asns-1	Rare	Rare	Low	High	Moderate	Rare	Low
nuo-1	High	High	High	High	High	High	High
odc-1	Moderate	Low	High	Low	Low	Moderate	High
paf-1	Low	Rare	Low	Rare	Rare	Rare	Rare
paf-2	Moderate	Low	Moderate	Low	High	Low	High
pcs-1	Low	High	Low	High	High	Moderate	Moderate
pdi-1	High	High	High	High	High	High	High
pdi-2	High	High	High	High	High	High	High
pdi-3	High	High	High	High	High	High	High
pho-1	Rare	Rare	Rare	Low	Rare	Rare	High
pho-4	Moderate	Rare	Low	Moderate	Rare	High	High
phy-2	Moderate	Moderate	High	Low	High	High	Moderate
phy-3	Low	Low	Rare	Low	Moderate	Low	Rare
plc-1	High	Moderate	Moderate	High	Moderate	Moderate	High
plc-2	Low	Low	Low	Low	Moderate	Rare	High
plc-3	Moderate	Moderate	High	High	Low	High	High
plc-4	High	High	High	High	High	High	High
pld-1	High	High	High	High	High	High	High
parp-1	Moderate	High	High	High	Moderate	Moderate	High
parp-2	Moderate	High	Moderate	Moderate	Low	High	Moderate
parg-1	High	High	High	High	Moderate	High	High
parg-2	Rare	Rare	Rare	Rare	Rare	Rare	Moderate
tank-1	High	Moderate	High	High	High	High	High
pnk-1	Moderate	Moderate	Moderate	Moderate	Low	Moderate	High
pod-2	High	High	High	High	High	High	High
ppk-1	High	High	High	High	High	High	High
ppk-2	High	High	Moderate	High	Moderate	High	High
ppk-3	Moderate	Moderate	High	High	High	High	High
pps-1	High	High	High	High	Moderate	High	Low
ppt-1	Rare	Rare	Rare	Rare	High	Rare	Rare
pri-1	Low	High	Moderate	Low	Rare	Rare	Low
pri-2	Low	High	High	Moderate	Rare	Low	Moderate
pars-1	High	High	High	High	High	High	High
pars-2	Moderate	High	Moderate	Moderate	Moderate	Low	Moderate
pus-1	Moderate	High	High	High	High	Moderate	Moderate
pyc-1	Moderate	High	High	High	High	Low	High
pyr-1	High	High	High	High	High	High	High
rnr-1	Moderate	High	High	Moderate	Low	Low	Moderate
rnr-2	High	High	High	Moderate	Moderate	Moderate	Moderate
rpc-1	High	High	High	High	High	High	High
rars-1	High	High	High	High	High	High	High
rars-2	Moderate	High	Moderate	Moderate	Moderate	Low	Moderate
set-1	High	High	Moderate	Moderate	Moderate	Moderate	Low
set-2	High	High	High	High	High	High	High
sir-2.1	High	High	High	High	High	High	Moderate
sir-2.2	Moderate	Low	Moderate	Moderate	High	Moderate	Moderate
sir-2.3	Rare	Rare	Low	Rare	Low	Moderate	Low
sir-2.4	High	High	Moderate	Low	Low	Moderate	Low
smd-1	Moderate	Rare	Low	Low	Rare	Rare	High
sms-1	High	High	High	Moderate	High	High	Moderate
sms-2	High	Low	Moderate	Moderate	Moderate	Moderate	Low
sms-3	High	Moderate	High	High	High	High	High
sod-1	High	High	High	High	High	High	Moderate
sod-2	Moderate	High	Moderate	Moderate	High	Moderate	Moderate
sod-3	Moderate	Rare	Low	High	Low	Rare	Rare
sod-4	High	Low	High	Moderate	Low	High	Rare
spe-5	Low	High	Low	Rare	Low	Low	Low
spl-1	Moderate	High	Moderate	Moderate	Moderate	Moderate	High
sqv-1	Moderate	High	High	High	Moderate	High	Moderate
sqv-4	Low	High	High	Moderate	Moderate	High	Moderate
sars-2	Low	High	Moderate	Moderate	Moderate	Moderate	Moderate
sars-1	High	High	High	High	High	High	High
sur-5	Moderate	Low	High	Moderate	Moderate	Moderate	High
sams-5	Rare	Low	Rare	Low	Rare	Rare	Rare
tag-38	Rare	Rare	High	Low	Rare	Rare	Moderate
sdhb-1	High	High	High	High	High	High	High
prdx-2	High	High	High	High	High	High	High
ant-1.1	High	High	High	High	High	High	High
glod-4	Moderate	High	Moderate	Low	Moderate	Low	Moderate
tag-96	Low	Low	Moderate	Moderate	Low	Low	High
nduf-2.2	Low	High	Low	Low	Low	Low	Moderate
fntb-1	Moderate	High	Moderate	Moderate	Moderate	Moderate	Low
chup-1	Moderate	Low	Moderate	Moderate	Moderate	Moderate	High
dgk-4	High	High	High	High	High	High	High
lagr-1	Low	Low	Low	High	Low	Moderate	Low
mtrr-1	Moderate	High	High	Moderate	Moderate	High	High
bckd-1B	Moderate	High	Moderate	Moderate	High	Moderate	Moderate
tag-174	High	High	High	High	High	High	High
tbh-1	High	Rare	Rare	Low	Rare	Rare	Low
tdc-1	High	High	Moderate	Moderate	Low	Moderate	Low
thk-1	Low	High	Moderate	Low	Low	High	Moderate
dpy-31	Low	Moderate	High	Moderate	Low	High	Low
tph-1	High	Rare	Low	Low	Low	Rare	Rare
tpi-1	High	High	Moderate	High	High	High	Moderate
tps-1	High	Moderate	High	High	High	Moderate	High
tps-2	High	Low	High	High	High	Moderate	High
tre-1	High	High	High	High	High	Moderate	High
tre-2	High	High	Moderate	High	High	High	High
tre-3	Moderate	Rare	Low	Low	High	Moderate	High
tre-4	Low	Rare	Low	Moderate	Rare	Moderate	High
tre-5	Rare	Low	Low	Low	Rare	High	Low
tars-1	High	High	High	High	High	High	High
ucp-4	Low	High	Low	Low	High	Low	Low
unc-17	High	Rare	Low	Moderate	Low	Low	Rare
unc-25	High	Low	Moderate	High	Low	Moderate	Low
unc-26	High	High	High	High	Moderate	High	High
unc-32	High	High	High	High	High	High	High
pnk-4	Moderate	Rare	Low	Low	Moderate	Low	High
gyg-1	Moderate	Moderate	High	High	High	Low	Moderate
vha-1	High	High	High	High	Moderate	High	High
vha-2	High	High	High	High	High	High	High
vha-3	High	High	High	High	High	High	High
vha-4	High	High	High	High	Moderate	High	High
vha-5	Moderate	Low	High	High	Low	High	Low
vha-6	Low	Rare	Low	Rare	Rare	Rare	High
vha-7	Low	High	Moderate	Low	Low	Low	Low
vha-8	High	High	High	High	Moderate	High	High
vha-9	High	High	High	High	Moderate	High	Low
vha-10	High	High	High	High	Moderate	High	High
vha-11	High	High	High	High	High	High	High
vha-12	High	Low	High	High	Moderate	High	High
vps-34	High	High	High	High	High	High	High
vars-1	Moderate	High	High	High	High	Moderate	High
glp-4	High	High	High	High	High	High	High
wars-1	High	High	High	High	High	High	High
prx-10	Low	High	Moderate	Low	Moderate	Moderate	High
yars-2	Moderate	High	Moderate	Moderate	Moderate	Moderate	High
mys-1	Moderate	High	Moderate	Moderate	Moderate	Moderate	High
sod-5	Rare	Low	Rare	Moderate	Rare	Low	Low
tag-179	Low	High	Moderate	Moderate	Low	Low	Rare
ant-1.2	Rare	Rare	Low	Rare	Rare	Rare	Low
ugt-49	Low	Rare	Low	Rare	Low	Rare	High
ugt-1	Rare	Rare	Low	Rare	Low	Rare	High
ugt-2	Rare	Rare	Moderate	Moderate	Rare	Rare	High
B0001.4	High	High	Moderate	Moderate	Moderate	Moderate	Low
B0024.13	Low	High	Low	Moderate	Low	Low	Low
gspd-1	Moderate	High	Moderate	High	Moderate	High	High
B0250.5	Moderate	Moderate	Moderate	Moderate	High	Low	Moderate
B0272.3	Low	Low	Moderate	Moderate	High	Low	High
B0272.4	Low	Rare	Moderate	Rare	Rare	Moderate	High
cyp-29A4	Rare	Low	Rare	Rare	Rare	Rare	Rare
acly-2	Low	High	High	Low	Low	Moderate	Low
B0395.3	High	Low	High	High	High	High	High
B0491.7	Low	High	High	Moderate	High	High	Low
B0513.5	High	Low	Low	High	High	Low	Low
agmo-1	Low	Low	High	Low	Low	High	Low
C01G10.9	Low	Low	Low	Low	Low	Moderate	Low
catp-4	Low	Rare	Rare	Rare	Rare	Rare	Rare
gcy-29	High	Low	Rare	Low	Rare	Rare	Rare
pho-10	Rare	Rare	Rare	Low	Rare	Rare	Rare
C05C10.3	High	High	High	High	High	High	High
pho-11	Low	Low	Rare	Rare	Low	Low	High
sucl-1	High	Moderate	High	High	High	High	High
rpb-6	Moderate	High	Moderate	Moderate	Moderate	High	Low
atp-5	High	High	High	High	High	High	High
folt-1	Moderate	Low	Moderate	Moderate	Moderate	Moderate	Moderate
ugt-60	Rare	Rare	High	Rare	Rare	Rare	Low
C07E3.9	Rare	Low	Low	Rare	High	Rare	Rare
ugt-17	Low	Rare	Low	Rare	Low	Rare	High
C08B6.4	Moderate	Rare	Low	High	Rare	Rare	Rare
C08B11.8	Low	High	Moderate	Low	Low	Low	Low
mboa-4	Rare	Rare	Rare	Rare	Rare	Rare	Rare
ugt-22	Rare	Low	Low	Rare	Low	Rare	High
C08H9.3	Moderate	High	Moderate	Moderate	Moderate	Low	High
chil-1	Rare	Rare	Moderate	Rare	Rare	Rare	Rare
chil-2	Rare	Rare	Rare	Low	Rare	High	Rare
chil-3	Rare	Rare	Moderate	Rare	Rare	Rare	Rare
chil-4	Rare	Rare	Low	Rare	Rare	Rare	Rare
chil-5	Rare	Rare	Low	Rare	Rare	Rare	Rare
chil-6	Rare	Rare	Low	Rare	Rare	Rare	Rare
chil-7	Rare	Rare	Low	Rare	Rare	Low	Rare
chil-8	Low	Rare	Rare	Rare	Rare	Rare	Rare
glna-1	Low	Low	Low	Moderate	Rare	Rare	High
C10C5.3	Low	Rare	Low	Rare	Rare	Rare	Rare
C10C5.4	Rare	Rare	Moderate	Rare	Rare	Rare	Moderate
C10C5.5	Rare	Rare	Rare	Rare	Rare	Rare	Rare
gpx-5	Low	Rare	High	High	Low	High	Low
gpx-3	Low	Rare	Low	High	Rare	Moderate	Low
cbl-1	Rare	Rare	Low	Rare	Low	Low	High
C13C4.4	High	Low	Low	Low	Rare	Moderate	Low
C14A4.3	Moderate	High	High	High	Moderate	High	High
rpoa-12	Low	High	Moderate	Low	Moderate	Low	Low
ocrl-1	High	High	High	High	High	High	High
nkb-1	High	High	High	High	High	High	High
ugt-23	Low	Low	Low	Low	Low	Low	High
cysl-1	High	Low	High	High	High	High	Moderate
C18E9.4	Moderate	Moderate	High	Moderate	High	High	Moderate
qns-1	High	High	Moderate	High	High	Low	High
C26D10.4	Moderate	Rare	Low	Moderate	Low	High	High
C27A7.1	Moderate	Low	Moderate	Low	Moderate	High	Moderate
C27A7.3	Rare	Rare	Moderate	Rare	Low	High	Rare
C27A7.5	High	Low	Moderate	High	High	Low	Low
C27D8.4	Moderate	High	Moderate	Low	Low	Moderate	Low
C29F7.3	Moderate	Low	High	Low	Moderate	Moderate	Moderate
dlat-2	High	High	High	High	High	Moderate	High
C31C9.2	High	Low	High	Moderate	Low	High	High
C31H5.6	Low	Rare	Low	Rare	Low	Low	High
C33A12.1	High	High	Moderate	Moderate	High	Moderate	Moderate
ugt-21	Low	Rare	Moderate	Rare	Rare	Low	High
ethe-1	Low	Low	Moderate	Low	Low	High	Low
C34B7.2	Moderate	High	High	High	Moderate	High	High
mys-4	Moderate	High	Moderate	Moderate	Moderate	Low	Moderate
C34C6.4	Moderate	High	Moderate	Low	High	Moderate	High
sphk-1	Moderate	High	Moderate	High	Moderate	Moderate	High
idh-2	Moderate	Low	Moderate	Moderate	High	Moderate	High
ugt-33	Rare	Rare	Low	Rare	Rare	Rare	High
C36A4.4	Low	High	Low	Low	Low	Low	Low
acs-19	High	High	High	High	High	High	High
rpb-3	Moderate	High	Moderate	Moderate	Moderate	Moderate	Low
dhfr-1	Low	High	Moderate	Moderate	Moderate	Moderate	Moderate
idhb-1	Moderate	Low	Moderate	High	High	High	High
set-32	Low	High	Rare	Low	Low	Low	Low
nkb-2	Rare	Rare	Rare	Moderate	Rare	Rare	Rare
ugt-15	Rare	Rare	Rare	Rare	Rare	Rare	Moderate
gsr-1	Moderate	High	High	High	Moderate	Moderate	High
ddo-1	Moderate	Rare	Low	Rare	Rare	Rare	High
C47B2.2	Moderate	High	Moderate	Moderate	Moderate	High	Moderate
gale-1	Moderate	High	High	Moderate	Moderate	Moderate	Moderate
pyp-1	High	High	High	High	High	High	High
acox-1.5	Moderate	Rare	Low	Rare	Rare	Rare	High
sams-1	Moderate	Low	High	Moderate	Low	High	High
set-6	High	Low	Moderate	Moderate	Moderate	High	High
C49F5.5	Rare	Rare	Low	Rare	Rare	Rare	Rare
pfk-1.2	Rare	Low	Low	Rare	Rare	Rare	Rare
mans-2	High	High	High	High	Moderate	High	High
slc-25A29	Low	Low	High	Rare	Rare	Low	Low
C56A3.8	Rare	High	Rare	Rare	Rare	Rare	Low
gcsh-1	Low	Rare	Low	Rare	Low	Rare	High
secs-1	Moderate	High	Moderate	Moderate	Low	Moderate	Low
D2023.4	Low	High	Moderate	Low	Low	Low	Low
mpst-1	Low	High	Moderate	Moderate	High	Low	Moderate
mans-1	Moderate	High	High	High	High	High	High
D2030.4	High	High	High	High	High	High	High
mce-1	Moderate	Moderate	Moderate	Moderate	High	Moderate	Moderate
piga-1	Low	High	Moderate	Low	Low	Low	Moderate
glna-2	Low	Rare	High	Low	Rare	Low	Moderate
pde-3	High	Low	High	Moderate	High	Moderate	Moderate
E02H1.6	Low	High	Moderate	Low	Moderate	Low	Low
ugt-43	Rare	Rare	Rare	Rare	Rare	Rare	High
ugt-44	Low	Rare	Low	Rare	Low	Rare	High
F01D4.8	High	Rare	Low	Rare	Rare	Rare	Rare
cyp-37A1	Low	Rare	Low	Rare	Rare	Rare	High
F01G4.5	Moderate	High	Moderate	High	Moderate	Low	Low
tkt-1	High	High	High	High	High	High	High
F02A9.4	High	High	High	High	High	Moderate	High
F02E9.7	Moderate	Moderate	Moderate	High	Low	High	Low
sqrd-1	Low	Low	High	Low	High	Moderate	Low
gfat-1	Moderate	High	High	High	High	High	Moderate
F07A11.5	Low	Low	Low	Low	Low	Low	High
acox-1.1	Low	Rare	Moderate	Rare	Low	Low	High
acox-1.2	Low	Rare	Low	Low	Rare	Rare	High
acox-1.3	Low	Rare	Low	Rare	Rare	Rare	High
acox-1.4	Rare	Rare	Low	Low	Rare	Rare	High
acl-13	Rare	Low	Rare	Rare	Rare	Rare	Rare
ugt-65	Moderate	Rare	Moderate	Low	Low	Moderate	High
cpt-5	Rare	Rare	Low	Low	Low	Rare	High
F10C2.4	Moderate	High	High	Moderate	Moderate	Moderate	High
F10F2.2	Moderate	Low	Low	Low	Low	Moderate	High
acs-14	Low	Rare	Moderate	Rare	Rare	Rare	High
gba-3	Low	Rare	Low	Rare	High	Low	Low
F12F6.7	Low	High	Moderate	Low	Low	Moderate	Moderate
F13B12.4	Moderate	Rare	High	Low	Rare	Rare	Low
F13E6.5	Low	Low	Moderate	Moderate	Low	Moderate	High
ttx-7	High	High	Moderate	Moderate	Moderate	Moderate	Moderate
mogs-1	High	High	High	High	High	High	High
F13H10.5	Low	Low	Rare	High	Moderate	Rare	Rare
hxk-1	High	High	High	High	Low	Moderate	High
rpoa-2	Moderate	High	High	Moderate	High	Moderate	High
acp-3	Low	Rare	Low	Rare	Rare	Moderate	Rare
acp-2	High	Low	Low	Rare	Rare	Rare	Rare
F19B6.1	High	High	Moderate	High	High	Moderate	Moderate
tyr-3	Rare	Low	Low	Rare	Rare	Low	Rare
F21D5.1	Low	High	Moderate	Moderate	Low	Low	Moderate
gfat-2	Low	High	Rare	Low	Low	Low	Rare
cth-1	Rare	Rare	Moderate	Low	Moderate	Low	High
nduf-6	Moderate	Moderate	Moderate	High	High	High	Moderate
cept-1	Low	Rare	Low	Moderate	Moderate	Low	High
rpb-12	Moderate	High	Moderate	Moderate	Moderate	Moderate	Rare
dlat-1	High	High	High	High	High	High	High
ndk-1	High	High	High	High	High	High	High
pyk-1	High	High	High	High	High	High	High
F25H9.6	Moderate	High	Low	Low	Moderate	Moderate	Low
F26C11.1	Low	Rare	Rare	Rare	Rare	High	Low
F26E4.4	Low	High	Moderate	Moderate	Moderate	Low	High
F26E4.6	High	High	High	High	High	High	High
gpx-1	Moderate	Rare	Low	Rare	Low	Moderate	High
nmat-2	Moderate	High	Low	Low	Low	Moderate	Low
F26H9.5	High	High	High	Moderate	Low	Moderate	High
F27D4.1	Moderate	High	High	High	High	High	High
asah-2	Rare	Rare	Rare	Moderate	Rare	Rare	High
acs-20	Moderate	Low	High	Moderate	Low	High	Low
dpm-3	Low	High	Low	High	Low	Moderate	Low
acs-2	High	Low	Moderate	Low	High	Low	Moderate
cyp-37B1	Rare	Rare	Rare	Rare	Rare	Rare	High
nkat-1	Low	Rare	Rare	Low	Rare	Rare	Rare
ugt-34	Rare	Rare	Rare	Rare	Rare	Rare	Moderate
glna-3	High	Moderate	Low	Low	Low	Moderate	Rare
F31D4.9	High	High	High	High	High	High	Low
mccc-1	Moderate	High	High	High	High	Moderate	High
F32D8.12	Moderate	Low	High	Moderate	High	High	High
F32D8.13	Moderate	Moderate	Moderate	Moderate	Moderate	Moderate	Moderate
fasn-1	Moderate	Moderate	High	High	Moderate	High	Moderate
sdhd-1	High	High	High	High	High	High	Low
pole-1	Moderate	High	High	Moderate	Low	Low	High
mlcd-1	Moderate	High	Moderate	Moderate	High	Low	Moderate
idhg-1	High	High	High	High	High	High	Moderate
ugt-58	Low	Low	High	Rare	Rare	High	High
hrg-4	Low	Low	Low	Rare	Low	Low	High
F38B2.4	High	Rare	Rare	Low	High	High	Rare
piki-1	Moderate	Low	High	High	High	High	High
F39B2.3	Low	High	Low	Low	Low	Low	Moderate
F40F8.1	High	High	Moderate	High	High	High	Moderate
aagr-3	High	High	High	High	High	High	High
F41E7.6	Low	Rare	Low	Low	Rare	Rare	Low
tatn-1	Low	Rare	High	Low	Low	Moderate	High
F42F12.3	Low	Rare	Moderate	Moderate	Rare	Low	Low
F42F12.4	Rare	Rare	Low	Rare	Rare	High	Low
F43G6.5	Rare	Low	Rare	Rare	Rare	Rare	Rare
idha-1	High	High	High	High	High	High	High
argk-1	Low	Rare	Low	Rare	Low	Rare	High
F44G4.2	High	High	High	High	High	Moderate	Moderate
F45H10.2	High	High	High	High	High	Moderate	Moderate
F45H10.3	High	High	High	High	High	High	High
ipla-2	High	Low	High	High	High	High	High
suca-1	High	Moderate	High	High	High	High	High
haly-1	Low	Low	High	Rare	Low	Moderate	Rare
gpdh-1	Moderate	Rare	Rare	Rare	Rare	Rare	Low
vha-17	High	Moderate	High	High	Low	High	Moderate
F49E2.1	Moderate	Low	Low	Low	High	Rare	Rare
F49H6.5	Rare	Rare	Rare	Rare	Rare	Rare	Low
gcsh-2	Low	High	Moderate	Moderate	Moderate	Moderate	Moderate
F52B11.2	Moderate	High	High	High	Moderate	Moderate	Moderate
acaa-2	High	High	High	Moderate	High	Moderate	High
F53C11.3	Low	Low	Moderate	Moderate	Moderate	Moderate	High
F53F1.2	Low	Moderate	Moderate	Moderate	Low	High	Low
F53F1.3	Rare	High	Low	Rare	Low	Rare	High
F53F4.10	High	High	High	High	High	High	High
F54C8.1	Rare	Rare	Rare	Rare	Rare	Rare	Rare
F54D5.7	Moderate	High	High	Moderate	Moderate	High	High
F54D5.12	Moderate	High	Moderate	Moderate	Moderate	Moderate	High
dhrs-4	Rare	Rare	Low	Rare	Rare	Rare	High
dot-1.2	Rare	Rare	Rare	Rare	Rare	Rare	Rare
xdh-1	Rare	Low	Low	Rare	Low	High	High
nkb-3	High	Moderate	High	High	High	High	High
dot-1.4	Rare	Low	Rare	Rare	Rare	Low	Rare
vha-14	High	High	High	High	Moderate	High	High
png-1	Moderate	High	High	High	Moderate	Moderate	High
gmd-2	Moderate	Rare	Rare	Rare	Rare	Rare	Rare
rpac-19	Low	High	Moderate	Moderate	Moderate	Moderate	Moderate
aman-2	High	High	High	High	High	High	High
F58H1.3	Moderate	High	Low	Moderate	Low	Moderate	Moderate
dgat-2	Rare	Low	Low	Rare	Rare	Rare	High
F59B2.3	Low	Rare	Low	Low	Rare	Low	Low
idh-1	High	High	High	High	High	High	High
F59C6.5	High	High	High	High	High	High	High
acox-1.6	Low	Low	Low	Rare	Low	Rare	High
acl-1	Low	Low	Moderate	Low	Moderate	Low	High
mpst-2	Rare	Rare	Low	Rare	Rare	Rare	Rare
mpst-3	Rare	Rare	Moderate	Low	Low	Low	High
suox-1	Low	Low	Moderate	Low	Moderate	Moderate	High
mboa-2	Moderate	High	Moderate	Moderate	High	Moderate	High
hxk-2	High	High	High	High	High	Moderate	High
H28O16.1	High	High	High	High	High	High	High
lpin-1	High	High	High	High	High	High	High
K01C8.1	Low	Rare	High	Rare	Low	Low	Moderate
ant-1.3	Low	Moderate	Low	Rare	Low	Rare	Rare
mys-2	Moderate	High	Moderate	Moderate	Moderate	Moderate	High
ath-1	High	High	High	High	High	High	Moderate
haao-1	Rare	Rare	High	Rare	Rare	Rare	Low
dut-1	Low	High	Moderate	Low	Low	Rare	Low
ceeh-2	Low	Rare	Low	Rare	Low	Rare	High
tyr-2	Low	Low	High	Moderate	Low	High	Low
K08E3.5	High	High	High	Moderate	High	Moderate	High
uda-1	Moderate	High	High	High	Moderate	High	High
K09A9.6	High	Low	Low	High	High	Moderate	Moderate
K09E4.2	Moderate	High	High	Moderate	Moderate	Moderate	High
cysl-2	Low	Low	High	Low	Rare	Rare	Moderate
asah-1	Rare	Low	Low	Rare	Low	Low	High
gpdh-2	High	High	High	High	High	High	High
K11H3.3	High	High	Moderate	Moderate	Low	Moderate	High
sodh-1	Low	Low	Moderate	High	High	Low	Low
sodh-2	Rare	Rare	Rare	Rare	Rare	Rare	Rare
dld-1	High	High	High	High	High	High	High
chil-12	Rare	Rare	Low	Low	Rare	Rare	Rare
M05B5.4	Low	Low	Rare	Low	High	Moderate	Rare
ugt-62	Rare	Low	Rare	Low	Rare	Rare	High
gmps-1	Moderate	High	Moderate	High	High	High	High
M153.1	Low	Rare	Moderate	Rare	Rare	Low	High
gss-1	Moderate	High	High	High	Moderate	High	High
chil-13	Rare	Rare	High	Rare	Rare	Low	Low
nduo-6	High	High	High	High	High	High	High
ndfl-4	High	High	High	High	High	High	Moderate
nduo-1	High	High	High	High	High	High	High
atp-6	High	High	High	High	High	High	High
nduo-2	High	High	High	High	High	High	High
ctc-3	High	High	High	High	High	High	High
nduo-4	High	High	High	High	High	High	High
ctc-1	High	High	High	High	High	High	High
ctc-2	High	High	High	High	High	High	High
nduo-3	High	High	High	High	High	High	High
nduo-5	High	High	High	High	High	High	High
R01H10.7	High	High	High	Moderate	Moderate	High	High
metr-1	Low	High	High	Low	Low	Moderate	High
R04B5.5	Rare	Rare	Low	Rare	High	Rare	Low
R04B5.6	Rare	Rare	Low	Low	High	Rare	Moderate
ugt-47	Low	Rare	Low	Rare	Low	Rare	High
R04F11.2	High	High	High	High	High	High	High
R04F11.3	High	High	High	Moderate	Moderate	Moderate	Moderate
R05D11.9	Moderate	High	Moderate	Moderate	Moderate	Moderate	Moderate
gpx-2	Moderate	Moderate	Moderate	Moderate	Moderate	Moderate	High
agl-1	High	High	High	Moderate	High	Low	High
fdps-1	High	High	Moderate	Moderate	Moderate	High	High
adsl-1	Moderate	High	Moderate	Moderate	High	Moderate	High
kmo-2	Moderate	Rare	High	Rare	Rare	Rare	Rare
kmo-1	Rare	Rare	High	Rare	Rare	Low	Low
gana-1	Low	Rare	High	High	High	Rare	Moderate
acl-5	Low	Low	High	Moderate	High	Low	High
prdx-3	High	High	High	High	High	High	Moderate
cpt-2	Moderate	High	High	High	High	High	High
R07H5.8	Moderate	High	High	High	High	Moderate	High
pde-2	High	High	High	High	High	High	High
R08D7.7	Moderate	Low	Moderate	Low	Moderate	Low	High
chil-15	Rare	Low	Rare	Rare	Rare	Rare	Rare
chil-16	Rare	Rare	Rare	Rare	Rare	Rare	Rare
chil-17	Rare	Rare	Rare	Rare	Rare	Rare	Rare
chil-18	Rare	Rare	Low	Rare	Rare	Rare	Rare
chil-19	Rare	Rare	Low	Rare	Rare	Rare	Rare
chil-20	Rare	Rare	Rare	Rare	Rare	Rare	Rare
chil-21	Rare	Rare	Rare	Rare	Rare	Rare	Rare
chil-22	Rare	Rare	Rare	Rare	Rare	Low	High
chil-23	Rare	Rare	Rare	Rare	Rare	Rare	Low
R09D1.14	Rare	Rare	Rare	Rare	Rare	Rare	Rare
acs-18	Moderate	Low	Low	Low	Low	Low	Rare
algn-13	Low	High	Low	High	Low	Low	Rare
R10D12.15	Rare	Rare	Rare	Rare	Rare	Rare	Rare
R10H10.6	Low	Moderate	High	Moderate	Low	Moderate	Low
pck-2	High	Moderate	High	High	High	High	High
ugt-59	High	Low	Rare	Rare	Rare	Low	Rare
pges-2	Moderate	High	High	High	High	Moderate	High
pho-8	Moderate	Rare	Rare	Rare	Rare	Rare	High
flad-1	Moderate	High	Moderate	Moderate	Moderate	Moderate	High
dtmk-1	Low	High	High	Moderate	Low	Low	High
R53.4	High	High	High	High	High	High	High
R102.4	Low	Low	Low	Low	Low	Moderate	High
mpst-7	Low	Low	High	Rare	Low	Low	Low
ugt-30	Low	Rare	Low	Rare	Rare	Rare	High
T03D8.6	High	Low	High	High	Low	High	Moderate
qdpr-1	High	High	High	Low	Low	Moderate	Low
T03F6.3	Rare	High	Low	Low	Rare	Moderate	Moderate
ppat-1	Rare	Low	Rare	Low	Moderate	Rare	High
T04A8.7	Moderate	High	Moderate	Moderate	High	Moderate	Moderate
ipla-7	High	Low	Low	High	High	High	High
pde-1	High	Low	Low	Low	High	High	Low
ugt-55	Low	Rare	Moderate	High	Rare	High	Rare
ugt-56	High	Rare	Low	Low	Rare	Moderate	Rare
decr-1.3	Low	Rare	Rare	Low	Rare	Rare	Rare
aldo-1	High	Low	Moderate	High	High	Moderate	Moderate
T05G5.5	High	High	High	High	Moderate	Moderate	High
pdha-1	High	High	High	High	High	High	High
cgt-1	Moderate	Rare	Rare	Moderate	Low	Rare	High
cox-15	Moderate	High	High	Moderate	High	High	High
cchl-1	High	High	Moderate	High	High	Low	High
acl-2	Low	High	Moderate	Low	Moderate	Low	High
umps-1	High	High	High	Moderate	Moderate	Low	High
ugt-50	High	Low	Moderate	Moderate	Low	High	High
anmt-3	Low	Low	Low	High	High	Low	Low
T07F10.1	Moderate	Low	Moderate	High	Low	High	Rare
ucr-2.2	High	Moderate	High	High	High	High	High
set-16	High	High	High	High	High	High	High
cht-2	Low	Low	Low	High	Rare	Rare	Rare
agxt-1	Low	Low	Moderate	Moderate	High	Moderate	High
T15H9.6	Rare	Rare	Rare	Rare	Rare	Rare	Rare
bgal-1	Low	Moderate	Low	Moderate	High	Low	High
chil-25	Low	Rare	Low	Rare	Rare	Rare	Moderate
chil-27	Rare	Rare	Rare	Rare	Rare	Rare	Rare
T20B3.1	Moderate	Low	Moderate	Low	Low	High	High
T20D3.8	Low	High	Low	Low	Low	Moderate	Low
pho-7	Low	Rare	Moderate	Moderate	High	Low	Rare
enol-1	High	High	High	High	High	High	High
T21C9.6	Low	Low	Low	Rare	Rare	Rare	High
T22G5.1	Rare	Rare	Rare	Rare	Rare	Rare	Rare
sptl-3	Moderate	Low	High	Moderate	Moderate	Moderate	High
alh-13	Low	Rare	High	Rare	Low	Low	High
T25B9.1	Rare	Rare	High	Rare	Rare	Rare	Rare
ugt-54	Rare	Rare	Rare	Rare	Rare	Rare	High
T25B9.9	High	High	High	High	High	High	High
inpp-1	High	Low	Low	Low	Low	High	Moderate
T25C8.1	Rare	Rare	Rare	Rare	Rare	Rare	Low
gyg-2	Low	High	Rare	Low	Low	Rare	Rare
T25G3.4	High	High	High	High	High	High	High
T26E3.7	Rare	Low	Rare	Rare	Rare	Rare	Rare
T26F2.1	Rare	Rare	Rare	Rare	Rare	Rare	Rare
T27E9.2	High	High	High	High	High	High	Moderate
T27F6.6	Moderate	High	Low	High	Low	Moderate	High
T28F3.5	High	Low	Low	Moderate	Moderate	Low	High
inos-1	High	High	High	High	High	High	High
ucr-2.1	High	Moderate	High	High	High	High	High
nuo-6	High	High	High	High	High	Moderate	Moderate
decr-1.2	Rare	Rare	Rare	Rare	Rare	Rare	Rare
rpb-11	Moderate	Moderate	Moderate	Moderate	Low	Moderate	Low
nmat-1	Low	Rare	Low	Low	Low	Rare	High
dot-1.3	Rare	Rare	Rare	Rare	Rare	Rare	Rare
ctps-1	Moderate	High	Moderate	Moderate	Moderate	Low	High
ipla-3	High	High	High	High	High	High	High
W07E11.1	High	Low	Moderate	Moderate	High	Moderate	High
W09C5.8	High	High	High	High	High	High	High
mecr-1	Moderate	High	High	Moderate	High	Low	High
nduf-7	High	High	High	High	High	High	High
gpap-1	Moderate	High	High	Moderate	Moderate	High	Moderate
hsd-1	Rare	Rare	Low	Moderate	Low	Rare	Low
Y7A9A.1	Low	Rare	Low	Low	Low	Rare	Low
Y10G11A.1	Low	High	Moderate	High	Moderate	High	Low
Y17G7B.3	Moderate	High	Moderate	Moderate	Moderate	Moderate	Moderate
pap-1	High	High	High	High	High	High	High
cco-2	High	High	High	High	High	High	High
hphd-1	Low	Low	Moderate	Low	Moderate	Moderate	High
hex-3	High	High	High	Moderate	High	High	High
Y39B6A.3	Moderate	High	Moderate	Moderate	Moderate	Moderate	Low
bckd-1A	High	High	High	High	High	Moderate	High
Y39G8B.1	Moderate	Low	High	High	Moderate	High	High
Y39G8B.2	Low	Low	Low	Low	Low	Rare	Rare
Y43F4A.4	Low	Rare	Rare	Rare	Rare	Rare	Rare
Y43F4B.5	Moderate	High	High	High	Moderate	High	High
phy-4	Low	Rare	Low	High	Rare	Rare	Rare
Y44A6D.5	Low	Low	Low	Rare	Rare	Rare	Low
seld-1	Low	High	Low	Moderate	Low	Moderate	Moderate
Y45F10D.4	High	High	High	High	High	Low	Low
cox-10	Low	Moderate	Low	Low	Moderate	Low	High
pisy-1	High	High	Moderate	Moderate	Moderate	High	Low
cpt-1	High	High	High	High	High	High	High
spds-1	Moderate	Low	Low	Moderate	Moderate	Low	High
acl-7	Low	Rare	Low	Low	Moderate	Low	High
bcmo-1	Rare	Rare	Rare	Rare	Rare	Rare	Rare
Y47D3A.29	Moderate	High	High	Moderate	Moderate	Low	High
Y48A6B.9	Low	Low	Low	Rare	Rare	Rare	High
men-1	High	High	High	High	High	High	High
Y48B6A.13	Moderate	High	Moderate	Moderate	High	Low	High
rpoa-1	High	High	High	High	High	High	High
Y48E1B.3	High	High	High	High	High	High	High
Y48G10A.1	Moderate	High	Moderate	Moderate	Moderate	Moderate	Moderate
cept-2	Low	High	Low	Low	Low	Low	Low
vha-13	High	High	High	High	High	High	High
Y49E10.4	Low	High	Low	Low	Rare	Rare	Low
pstk-1	Rare	Moderate	Low	Rare	Low	Rare	Low
Y50E8A.6	Rare	Rare	Rare	Rare	Low	Rare	Rare
Y51A2D.13	Rare	Rare	Rare	Rare	Low	Rare	High
Y51H1A.3	High	High	High	High	High	High	High
Y51H4A.7	Low	Low	High	Rare	Low	Moderate	Low
Y52B11C.1	Moderate	High	High	Moderate	Moderate	Low	High
Y53F4B.3	Low	High	Moderate	Low	Low	Low	Moderate
nsun-5	Low	High	Moderate	Moderate	Moderate	Moderate	High
ttm-5	Moderate	Low	Rare	High	Rare	Low	Moderate
ctl-3	Rare	Rare	Rare	Rare	Rare	Rare	Rare
Y56A3A.19	Moderate	Moderate	Moderate	High	High	Moderate	Moderate
polg-1	Moderate	High	Moderate	Moderate	Moderate	Moderate	High
daf-22	Low	Rare	Moderate	Low	Low	Low	High
Y57G11C.3	Moderate	High	Moderate	Moderate	Moderate	Moderate	Low
nuo-3	High	High	High	High	High	High	Moderate
pnc-2	Moderate	Rare	Rare	Rare	Rare	Rare	Rare
fars-2	High	High	High	High	High	Moderate	High
algn-7	Moderate	Moderate	Moderate	Moderate	Moderate	Moderate	High
Y62E10A.13	High	High	High	High	High	High	High
Y63D3A.7	Moderate	Moderate	Moderate	Moderate	High	Low	Low
Y66D12A.7	Rare	High	Rare	Low	Low	Rare	Rare
nars-2	Moderate	High	High	High	Moderate	Moderate	High
hex-5	Low	Rare	High	High	Low	Low	Rare
Y75B8A.24	High	High	High	High	High	High	High
acs-5	Low	Low	High	Rare	Low	Low	High
Y76A2B.5	High	High	High	High	High	High	High
gpi-1	High	High	High	High	High	High	High
Y105C5B.3	Rare	Rare	Rare	Rare	Rare	Rare	Low
hpo-13	High	High	High	High	High	High	High
catp-1	Low	Low	High	Low	Low	High	Low
yars-1	High	High	High	High	High	High	High
Y105E8A.20	High	High	High	High	High	High	High
rpom-1	High	High	High	High	High	High	High
hprt-1	Moderate	Moderate	Moderate	Low	Low	High	Moderate
Y105E8B.9	Low	Low	Moderate	Low	Low	High	Low
Y106G6E.4	Low	Moderate	Moderate	Moderate	Low	Moderate	Low
bca-2	Moderate	High	Moderate	Moderate	High	Moderate	Moderate
cyc-2.2	Rare	Rare	Rare	Rare	Rare	Rare	Rare
cbs-1	Low	Rare	High	Low	High	Rare	High
ZC373.5	Low	Rare	Low	Moderate	Low	Low	High
mans-4	Low	High	Low	Rare	Moderate	Moderate	Low
ZC434.8	Low	High	Low	Low	Low	Low	Low
ZC443.1	Moderate	Low	High	Moderate	Low	High	Low
ugt-18	Low	Rare	Rare	Rare	Rare	Rare	High
ugt-16	Low	Rare	Rare	Rare	Low	Rare	High
ugt-3	Rare	Rare	Low	Rare	Rare	Rare	Low
ugt-6	Rare	Rare	Rare	Rare	Rare	Rare	High
ugt-4	Rare	Rare	Rare	Rare	Rare	Rare	High
ugt-5	Rare	Rare	Rare	Low	Low	Rare	High
pssy-1	High	Low	High	Moderate	High	High	High
pyk-2	Low	Low	Low	Rare	Moderate	Rare	High
ZK632.4	High	High	High	Moderate	Moderate	High	High
tpk-1	High	Moderate	Moderate	Low	Low	Low	Rare
trxr-2	Moderate	Moderate	Low	Moderate	Moderate	Moderate	Moderate
ZK643.2	Low	High	Low	Low	Rare	Low	Low
dbt-1	High	High	High	High	High	High	High
ZK673.2	High	Moderate	High	Moderate	High	High	Moderate
ZK792.1	Moderate	Moderate	High	Moderate	Moderate	High	Moderate
impk-1	Moderate	Moderate	Moderate	High	Low	High	High
ZK809.3	High	High	High	High	High	High	High
gdh-1	High	High	High	High	High	High	High
ogdh-2	High	High	High	High	High	High	High
rpc-25	Moderate	High	Moderate	Moderate	Moderate	Low	Low
gld-4	High	High	High	High	High	High	High
elpc-3	Moderate	High	High	Moderate	Moderate	High	Moderate
ZK892.4	Rare	Rare	Low	Low	Rare	Rare	Rare
chil-9	Rare	Rare	Rare	Rare	Rare	Rare	Rare
mmcm-1	High	High	High	High	High	High	High
ZK1058.3	Low	High	Low	Low	Low	High	Low
nit-1	Rare	Low	High	Low	Low	Rare	Low
mett-10	Low	High	Low	Low	Low	Low	Low
M04D5.1	Rare	Rare	Rare	Rare	Rare	Rare	Rare
ptps-1	Low	Rare	Moderate	Rare	Low	Low	Low
B0205.6	Moderate	High	Moderate	Moderate	High	Moderate	High
B0228.7	High	High	Moderate	High	Low	Moderate	Moderate
ggtb-1	Moderate	High	Moderate	Moderate	Low	Moderate	High
rpia-1	Moderate	High	Moderate	Moderate	Low	Moderate	Moderate
pacs-1	Moderate	Low	Low	Rare	Low	Low	High
anmt-1	Low	Low	Low	Moderate	High	Rare	Low
B0303.3	Moderate	High	High	High	High	Moderate	High
ugt-46	Low	Low	Low	Moderate	Low	Low	High
psd-1	High	High	High	High	Moderate	High	High
pho-5	High	High	Moderate	Moderate	Moderate	Moderate	High
algn-11	High	High	High	High	High	High	High
pdi-6	High	High	High	High	High	High	High
C01B4.6	Rare	Rare	Rare	Rare	Rare	Rare	Rare
C01B10.3	Low	Rare	Moderate	High	Low	High	Rare
C01F1.3	Moderate	Low	High	Low	Low	Low	Low
ivd-1	Moderate	High	Moderate	High	High	Low	High
tyr-1	Rare	Low	High	Low	Low	Moderate	Low
sup-18	Rare	Low	Low	Low	High	Moderate	Rare
catp-2	Rare	Rare	Low	Rare	Rare	Rare	Low
ugt-51	Rare	Rare	Rare	Rare	Rare	Rare	High
C03A7.13	Rare	Low	Rare	High	Rare	Rare	Low
sdha-1	High	Moderate	High	High	High	High	High
cyp-35A1	Rare	Rare	Rare	Rare	Rare	Rare	Low
cyp-35A2	Rare	Rare	Rare	Rare	Low	Rare	High
pdhb-1	High	High	Moderate	High	High	Moderate	High
ugt-63	Rare	Low	Moderate	Rare	Rare	Rare	Rare
C05C8.7	Low	Rare	High	Low	Low	High	Low
atgl-1	High	High	High	High	High	High	High
C06A6.4	Moderate	High	Low	Moderate	Moderate	Low	High
mthf-1	High	High	High	High	Moderate	Moderate	High
sams-3	Moderate	High	High	High	Moderate	Moderate	High
sams-4	High	High	High	High	Moderate	Moderate	Moderate
C06G3.5	High	Moderate	High	High	Moderate	High	High
trxr-1	High	High	High	High	High	High	High
C07D8.6	Moderate	Low	High	Moderate	High	Moderate	Moderate
ugt-64	Low	High	Moderate	Low	Moderate	Moderate	High
catp-3	Moderate	Low	High	Rare	Low	High	Low
mcp-1	High	Low	Low	Low	Moderate	Moderate	Low
ugt-25	Low	Low	High	Low	Low	Low	Low
ugt-27	Rare	Rare	Low	Rare	Rare	Rare	Low
ugt-26	Rare	Rare	Low	Low	Low	Moderate	High
C13B9.2	Low	High	Low	Rare	Low	Rare	Rare
ugt-7	Rare	Rare	Low	Low	Rare	Rare	Moderate
C14B9.2	Moderate	High	High	High	Low	High	High
hex-2	High	Low	Low	High	Low	High	High
C14E2.4	Rare	Rare	Rare	Rare	Rare	Rare	Rare
got-2.2	High	Low	High	High	High	Moderate	High
kynu-1	Low	Rare	High	Low	Moderate	Low	Moderate
C16A3.5	High	High	High	High	High	High	High
oatr-1	High	High	Moderate	Moderate	High	Low	High
C17C3.1	Rare	Low	Moderate	Moderate	Moderate	Rare	High
C17C3.3	Rare	Low	Moderate	Low	Low	Rare	High
acdh-2	Low	Rare	Low	Rare	Low	Low	High
ugt-48	Low	Rare	Low	Low	Low	Rare	High
sptl-1	Moderate	High	High	High	High	Moderate	High
C24A3.4	Moderate	Rare	Rare	Moderate	Low	Rare	High
dpyd-1	Low	Rare	Moderate	Moderate	Moderate	Low	High
C25H3.9	High	High	High	High	High	High	High
rpb-2	High	High	High	High	High	High	High
mmab-1	Moderate	High	Moderate	Moderate	High	Moderate	Rare
cyp-32A1	Low	Low	Moderate	Rare	Low	Low	Rare
pho-12	Rare	Low	Rare	Rare	Rare	High	Low
tdo-2	Low	Low	High	Low	Low	Low	Low
C29E4.10	Low	Low	Low	Low	Low	Low	Low
idhg-2	Low	Low	Low	Rare	High	Rare	Moderate
C31H2.4	Rare	Rare	Low	Low	Rare	Rare	High
set-4	High	High	Moderate	Moderate	Moderate	High	Low
pde-5	High	Rare	Low	Rare	Low	Rare	Rare
C32F10.8	High	High	High	High	High	High	High
gba-1	Low	Rare	Rare	Rare	Low	Rare	High
gba-2	Low	Low	Low	Rare	Rare	Rare	High
cdgs-1	High	High	High	High	Moderate	High	Moderate
sdha-2	Low	High	Moderate	Moderate	Low	Low	High
C34B2.8	High	High	High	High	High	High	High
ampd-1	High	Low	High	High	High	High	High
tyr-4	Low	Rare	High	Low	Low	Rare	Low
adss-1	High	High	High	High	High	High	High
C37H5.13	High	Low	Moderate	High	Moderate	High	High
C39B5.6	Moderate	High	Moderate	Moderate	Moderate	Moderate	Moderate
C39D10.3	Low	Rare	Low	Low	High	Rare	Rare
tag-335	Moderate	High	Moderate	Moderate	Moderate	Moderate	High
C42C1.11	Moderate	High	Moderate	Moderate	Moderate	Moderate	High
met-1	High	High	High	High	High	High	High
C44B7.7	Low	Rare	High	High	Low	Low	Low
C44B7.12	Low	High	Low	Low	Low	Rare	Low
got-2.1	Low	High	Moderate	Moderate	Moderate	Moderate	Moderate
C44E12.1	Low	Rare	Moderate	Rare	Low	Moderate	Low
chil-11	Rare	Rare	Rare	Low	Rare	Rare	Rare
hosl-1	High	Low	Moderate	High	Moderate	High	Moderate
acs-17	Moderate	Moderate	High	Moderate	High	Moderate	High
let-611	Low	High	Moderate	Moderate	Moderate	Low	Moderate
ugt-24	Rare	Rare	Low	High	Rare	Rare	Moderate
cyp-35A4	Low	Rare	Low	Rare	Low	Rare	Moderate
C50D2.7	High	High	High	Moderate	High	Moderate	Moderate
sucg-1	Low	High	Moderate	Moderate	Moderate	Moderate	Moderate
klo-1	Low	Low	Low	Low	Low	Low	High
C53A3.2	Low	Rare	Moderate	Low	High	Rare	High
C53D5.5	Low	Moderate	Moderate	Moderate	Low	Moderate	High
C54E4.5	Rare	Rare	High	Low	Low	Moderate	Rare
mboa-3	Low	Low	High	High	High	Low	High
acdh-1	Low	Low	Moderate	Rare	Rare	Rare	High
atic-1	High	Low	Low	Low	Low	Low	High
C55H1.1	Low	Rare	Low	Low	Rare	Moderate	Moderate
C56G3.2	Rare	Rare	Rare	Rare	Low	Rare	Moderate
acly-1	High	Low	High	High	Moderate	High	High
D1005.2	Moderate	Rare	Moderate	Low	Low	Low	Moderate
acs-22	Moderate	Low	Moderate	High	Low	Low	High
ipla-4	Rare	Low	Low	Rare	Rare	Low	Rare
afmd-1	Rare	Low	Low	Low	Low	Rare	Moderate
D2063.1	Low	Rare	Low	Low	High	Rare	Rare
aagr-1	Rare	Low	Low	Moderate	Low	Rare	High
E01A2.1	Moderate	High	Moderate	High	Low	Low	Low
klo-2	Low	Rare	Rare	Low	Rare	Rare	High
cyc-2.1	High	High	High	High	High	High	High
maoc-1	Rare	Rare	Moderate	Rare	Rare	Rare	High
acdh-12	Moderate	High	High	High	High	Moderate	High
aldo-2	Moderate	High	High	High	Low	High	High
lmd-4	Low	Rare	High	Rare	Rare	Rare	Low
pole-2	Low	High	Moderate	Moderate	Low	High	Low
pcyt-1	High	Low	Moderate	Moderate	Moderate	Moderate	High
apy-1	Low	Low	High	Moderate	Moderate	Moderate	High
acl-6	Moderate	High	Moderate	Moderate	Moderate	Moderate	High
F08F3.4	Rare	Rare	High	Low	Low	Low	Low
hmgr-1	High	High	High	Moderate	High	Moderate	High
F08F8.7	High	High	Moderate	Moderate	Moderate	High	High
algn-2	Moderate	High	Moderate	Moderate	Moderate	Moderate	Moderate
F09E5.3	Moderate	High	High	Moderate	Moderate	Low	High
rpc-2	High	High	High	High	High	High	High
hach-1	Low	High	Moderate	Moderate	High	Moderate	High
ugt-36	Rare	Rare	Low	Low	Rare	Rare	Low
F09G2.8	High	High	High	Moderate	Moderate	Low	High
ugt-39	Rare	Rare	Low	Rare	Rare	Rare	Low
ugt-40	Low	Low	High	Rare	Rare	Rare	Moderate
ugt-37	Low	Rare	High	Low	Low	Low	High
ugt-38	Rare	Rare	Rare	Low	Rare	Rare	Low
F10D2.8	Rare	Rare	Rare	Rare	Rare	Rare	Low
ugt-41	Low	Rare	High	Low	Low	Rare	High
mpst-4	Rare	Rare	Rare	Rare	Rare	Rare	Rare
upb-1	Moderate	Low	Low	Low	High	Low	Moderate
F13H8.9	High	Low	Rare	Moderate	Moderate	Low	Rare
ddo-2	Moderate	Low	Moderate	Moderate	High	Moderate	High
F19G12.2	Low	Rare	Low	Rare	Rare	Rare	Rare
cgt-2	Low	Rare	Rare	Rare	Rare	Rare	High
ddo-3	Low	Rare	High	Rare	Rare	Low	Rare
icmt-1	Rare	Low	Rare	Low	Rare	Rare	Rare
polk-1	Moderate	High	Moderate	Low	Low	Low	Moderate
F23C8.5	High	High	High	High	High	Moderate	High
sucl-2	Moderate	High	Moderate	Low	High	Low	High
crls-1	Moderate	High	Moderate	Moderate	High	High	Moderate
gcst-1	Moderate	Moderate	Moderate	Moderate	Moderate	Low	High
hmgs-1	Low	High	Moderate	Moderate	Moderate	Moderate	High
F25B5.3	High	High	High	High	High	High	High
F25B5.6	High	High	High	Moderate	High	Moderate	High
F25E2.3	Low	Rare	Low	Rare	High	Rare	High
F26D11.1	Moderate	Moderate	Low	Moderate	Moderate	Moderate	Low
rpb-8	Moderate	High	Moderate	Moderate	Moderate	Low	Low
pcca-1	High	Moderate	High	High	High	High	High
acdh-9	Moderate	Moderate	High	High	High	Moderate	High
acl-11	Moderate	High	Moderate	Moderate	Moderate	Moderate	Moderate
F29C4.2	High	High	High	High	High	High	Moderate
ugt-42	Rare	Rare	Rare	Rare	Rare	Rare	Rare
F32B5.1	Rare	Rare	Low	Low	Low	Rare	Rare
hpo-18	High	High	High	High	Moderate	High	Moderate
F32D1.5	High	High	High	High	High	High	High
F33D4.4	High	High	High	Moderate	High	Moderate	High
set-11	High	Low	Rare	Low	Rare	Moderate	Rare
F35C8.5	Low	Rare	Rare	Rare	Rare	Rare	High
pifk-1	High	Low	High	High	High	High	High
F37C12.3	Moderate	High	High	Moderate	High	Moderate	Moderate
acs-4	High	High	High	High	High	High	High
F38B6.4	Rare	Rare	Low	Low	Low	Low	High
ugt-61	Rare	Rare	Low	Low	Rare	Moderate	High
F41E6.5	Rare	Low	Low	Low	Low	Low	High
moc-3	Low	High	Low	Low	Low	Low	Moderate
F42G8.10	High	High	High	High	High	High	Moderate
rpb-4	Moderate	High	Moderate	Moderate	Low	Low	Low
sptl-2	Low	Rare	Low	High	Low	Rare	High
F44E7.2	Low	Rare	Low	Rare	Moderate	High	Low
mdh-1	High	High	High	High	High	High	High
ugt-32	Low	Rare	Rare	Rare	Rare	Rare	Rare
F48E8.3	High	High	High	High	High	High	High
acl-4	High	Moderate	High	High	High	High	High
F52C9.3	High	High	High	High	High	Moderate	High
aagr-4	Low	Low	High	Low	Low	High	Moderate
pho-6	Moderate	Rare	Moderate	Moderate	Low	High	Low
vha-18	Low	High	Low	Low	Rare	Moderate	Low
pccb-1	High	Low	High	High	High	High	High
polh-1	Moderate	High	Moderate	Moderate	Low	Moderate	Moderate
bcmo-2	Moderate	Low	Low	High	Low	Low	High
F53C3.13	High	High	High	High	High	High	High
F53F10.2	High	High	High	High	High	High	High
duox-2	Low	Low	Low	Rare	Rare	Low	Low
cbs-2	Rare	Rare	Low	Rare	Rare	Low	Rare
F54C1.1	Low	Rare	High	Low	Rare	Moderate	Rare
F54D7.2	Moderate	Moderate	Moderate	Moderate	Moderate	Moderate	High
pmt-2	Low	Low	High	Low	Low	Low	High
gpx-8	Rare	High	Low	Rare	Low	Rare	Rare
F55G1.9	Moderate	High	Moderate	Moderate	Moderate	Moderate	Moderate
ugt-52	Rare	Rare	Rare	Rare	Rare	Rare	High
cdo-1	Low	Rare	High	Rare	Rare	Rare	Rare
F57B9.1	Moderate	High	Moderate	Moderate	Moderate	Moderate	Moderate
ipgm-1	High	High	High	High	High	High	High
ucr-11	High	Moderate	High	High	High	Moderate	Moderate
pdxk-1	High	High	Moderate	Low	Low	Moderate	Low
F58A6.1	Rare	Rare	Low	Low	Rare	Low	High
F58F9.1	High	Rare	Rare	Low	Low	Low	Low
acox-3	Moderate	Low	Moderate	Rare	Low	Low	High
F58F12.1	High	High	High	High	High	High	High
F59A7.7	Rare	Low	Rare	Rare	Rare	Rare	Rare
cysl-4	Rare	Rare	Rare	Rare	Rare	Rare	Rare
cgt-3	Moderate	High	High	High	Moderate	Moderate	High
pck-3	Rare	Rare	Rare	Rare	Rare	Rare	Rare
H14N18.4	Moderate	Low	High	High	Low	High	Low
fgt-1	High	Moderate	Moderate	Moderate	High	High	High
bgal-2	Rare	Rare	Rare	Rare	Rare	Rare	High
ipla-5	Low	Rare	Low	Low	Rare	Rare	Rare
ugt-13	Rare	Rare	High	Rare	Rare	Low	Moderate
ugt-14	Low	Rare	Low	Rare	Low	Moderate	Low
ugt-8	Rare	Rare	High	Low	Rare	High	Moderate
H23N18.4	Rare	Rare	Moderate	Rare	Rare	Rare	Low
H24K24.3	Moderate	High	High	Moderate	High	High	High
rpb-5	Moderate	High	Moderate	Moderate	Moderate	Moderate	Moderate
rpac-40	Moderate	High	Moderate	High	Moderate	Moderate	High
H43I07.3	Moderate	High	Moderate	Moderate	Moderate	High	Moderate
pfkb-1.2	Moderate	High	Low	Low	High	Low	Moderate
K02D7.1	Low	Low	Moderate	Low	Low	High	High
ahcy-1	High	High	High	High	High	High	High
ceeh-1	Low	Low	High	Low	Rare	High	High
K04A8.10	Rare	Rare	Rare	Rare	Rare	Rare	Low
K04C2.2	Moderate	High	High	High	High	Moderate	High
nuo-4	High	High	High	High	High	High	High
K05B2.4	Low	Rare	Low	Rare	Rare	Rare	High
acdh-8	Rare	Rare	Rare	Rare	Low	Rare	Rare
dgk-5	High	Low	Low	Low	Low	Low	High
acdh-3	High	High	High	High	High	Moderate	Moderate
idi-1	Low	High	Low	Low	Moderate	Moderate	Low
K07B1.4	Rare	High	High	Low	High	Rare	Low
acl-14	High	High	High	High	High	High	High
cyp-35A5	Rare	Rare	Rare	Rare	Rare	Rare	High
K07E3.4	Moderate	Low	High	Low	Low	High	High
ugt-19	Low	Rare	Moderate	Low	Low	Low	High
ugt-20	Low	Rare	Low	Low	Rare	Low	Moderate
set-12	Rare	Rare	Moderate	Low	Rare	Rare	High
K09H11.7	Rare	Rare	Rare	Rare	Rare	Rare	Rare
fah-1	Low	Low	High	Low	Low	Moderate	High
K10D2.7	Rare	Low	Low	Low	Low	Moderate	Low
cpt-4	Moderate	Rare	High	Moderate	Rare	Moderate	High
K12H4.7	Low	Rare	Low	Moderate	Low	Rare	High
set-13	Low	Low	Rare	Low	Low	Rare	Rare
M01E11.1	Moderate	High	Low	Low	Low	Moderate	Low
algn-14	Low	High	Low	High	Low	Low	Low
asns-2	Rare	Rare	Moderate	Rare	Moderate	Low	High
ipla-1	High	High	High	High	High	High	High
M57.2	High	High	Moderate	High	Moderate	High	Moderate
ger-1	Low	Low	Moderate	Moderate	Low	High	Moderate
R02D3.1	Low	Low	High	Low	Low	Low	Low
fnta-1	Moderate	High	Moderate	Moderate	Moderate	Moderate	Moderate
hrg-1	Moderate	Low	Moderate	Moderate	Moderate	Moderate	High
gpx-7	Rare	Rare	Low	Rare	Rare	Rare	Moderate
R04B3.2	Moderate	Rare	High	Rare	Low	Moderate	Rare
R05D3.6	Rare	Rare	Rare	Rare	Rare	Rare	Rare
met-2	High	High	High	High	High	High	High
R05F9.6	Moderate	High	High	High	High	Moderate	High
aagr-2	Low	Rare	Low	Low	High	Rare	High
R05G6.5	Low	Low	Low	Low	Low	Rare	Rare
acs-15	Rare	Rare	Rare	Rare	Rare	Rare	Rare
R07E4.3	Moderate	Low	Moderate	Moderate	High	Moderate	Low
cysl-3	Low	Low	High	Low	Low	Moderate	High
R08F11.1	High	Low	Low	Low	Low	Low	High
hacd-1	Low	Rare	Low	Rare	Rare	Rare	High
set-15	High	Moderate	High	Moderate	Moderate	High	High
R11F4.1	Low	Rare	High	Moderate	High	Low	High
gldc-1	Low	Low	Moderate	Rare	Low	Rare	High
R12E2.11	Moderate	High	High	High	Moderate	High	High
R151.2	Moderate	High	Moderate	Moderate	High	Moderate	High
pde-4	High	Moderate	High	High	High	High	High
mboa-6	High	High	High	High	High	High	High
gcy-28	High	High	High	High	High	High	High
T01B11.2	Low	Low	Low	Rare	High	Rare	High
ant-1.4	Rare	Low	Rare	Rare	Rare	Rare	Rare
lmd-5	Low	Low	Low	High	Low	Rare	Rare
got-1.2	High	Low	High	High	High	High	High
T01D1.4	Low	Low	High	Low	Low	High	Rare
T02G5.7	Moderate	High	Moderate	Moderate	High	High	High
T02H6.11	High	High	High	High	High	High	High
ugt-53	Rare	Rare	Rare	Rare	Rare	Rare	Moderate
pgk-1	High	High	High	Moderate	High	High	High
guk-1	High	High	High	Moderate	Moderate	High	High
T03G6.3	Moderate	Low	Low	Low	High	High	Low
mans-3	Moderate	Low	High	High	Moderate	High	High
T05C3.6	Low	Moderate	Rare	Rare	Rare	Low	High
T05E7.1	Rare	Rare	Rare	Rare	Rare	Rare	High
acl-8	Moderate	High	Moderate	Moderate	Low	Low	High
T05H4.4	Rare	Low	Low	Rare	Rare	High	Rare
hpo-19	Moderate	High	High	Moderate	High	High	High
T05H4.7	Rare	Low	Rare	High	Low	Rare	Low
acs-3	Low	Rare	High	Low	Low	High	Rare
ech-1.2	High	High	High	High	High	High	High
acdh-10	Moderate	Low	High	Moderate	High	Moderate	High
T08H10.1	Low	Rare	Moderate	Low	Low	High	High
T09B4.8	Moderate	Moderate	Moderate	Moderate	High	Low	Moderate
pcbd-1	High	Low	High	Low	Low	Low	Low
cerk-1	High	High	High	Moderate	Moderate	High	High
chil-24	Low	Low	Low	Moderate	Low	Low	Moderate
nuo-2	High	High	High	High	High	High	High
T12A2.1	Low	Low	High	Low	Low	Low	Moderate
stt-3	High	High	High	High	High	High	High
T12B3.3	Moderate	Low	Moderate	Moderate	Moderate	Moderate	High
pho-14	Low	Rare	Low	Low	High	Rare	High
T13G4.4	Low	Low	Moderate	Rare	Low	Low	High
vha-15	High	Low	High	Moderate	Moderate	High	High
hex-1	High	Moderate	Moderate	High	High	Low	High
hpo-8	Low	High	High	Low	Moderate	Low	High
T19B4.3	High	Moderate	Low	Low	Low	Low	High
ugt-9	Rare	Rare	High	Low	Rare	Low	Low
T19H12.6	Rare	Rare	Rare	High	Rare	Rare	Rare
ugt-12	Low	Low	High	Moderate	Rare	High	High
ugt-11	Low	Rare	High	High	Rare	Moderate	Low
ugt-10	Rare	Rare	Low	Rare	Rare	Low	Low
oga-1	High	Low	High	High	Moderate	High	High
T20H4.5	High	High	High	High	High	Moderate	Moderate
T21F4.1	Low	Rare	High	Low	Rare	Rare	Moderate
ogdh-1	High	High	High	High	High	High	High
T22D1.3	Moderate	High	High	High	High	High	High
T22F3.3	High	High	Moderate	High	High	Moderate	High
ucr-2.3	Low	High	Low	Low	Low	Low	Low
T24C4.5	Moderate	High	Moderate	Low	Moderate	Rare	Rare
T24C12.3	Rare	Rare	Low	High	Low	Rare	High
T25D3.3	Rare	Low	Moderate	High	Rare	Rare	Rare
acdh-7	Moderate	Low	High	Moderate	High	Moderate	High
algn-1	Moderate	High	Moderate	Moderate	Moderate	Moderate	Moderate
jhdm-1	High	High	High	High	High	High	High
T26A5.8	Low	High	High	Low	Low	Low	Low
T27A3.6	Low	High	Low	Low	Low	High	Moderate
T28D9.3	Low	Low	Rare	Low	High	Rare	High
dgtr-1	Low	High	Low	Rare	Low	Rare	Low
cpt-6	Moderate	Low	Moderate	Low	Rare	Low	High
dhod-1	Moderate	High	High	Moderate	High	Moderate	High
W02F12.2	Low	Rare	Low	High	Rare	Low	Rare
dlst-1	High	High	High	High	High	High	High
W02H5.8	Low	Moderate	Low	Low	Low	Low	High
polq-1	High	High	High	Moderate	Moderate	Moderate	High
W03D8.8	Rare	Rare	Rare	Low	Rare	Rare	High
pck-1	High	Moderate	High	High	High	High	Moderate
W06B4.2	Moderate	High	Moderate	Moderate	Moderate	Moderate	Moderate
W06E11.1	Moderate	High	Moderate	Low	Moderate	Moderate	High
W07E6.3	Low	Rare	Low	High	Rare	Rare	Low
W09C3.4	Low	High	Low	Low	Low	Low	Low
W10C8.5	Moderate	Low	High	High	High	Low	High
gba-4	Rare	Rare	Low	Rare	Low	Rare	High
cyp-32B1	Low	Rare	Rare	Low	Rare	Low	High
cht-4	Rare	Rare	Rare	Rare	Rare	Rare	High
set-21	Rare	High	Low	Rare	Low	Rare	Low
tald-1	Moderate	Moderate	High	High	Moderate	Moderate	High
Y37B11A.2	Moderate	High	Moderate	Moderate	Moderate	Moderate	High
Y37B11A.3	Low	High	Low	Rare	Low	Low	Rare
rpb-10	Low	High	Moderate	Low	Low	Low	Low
Y37E3.11	Moderate	High	Moderate	Low	Moderate	Low	High
ugt-45	Moderate	Low	Moderate	Moderate	Rare	High	Moderate
pnc-1	Moderate	Moderate	Moderate	High	Low	High	Low
prdx-6	Low	High	Low	Low	Moderate	Low	High
Y38F2AR.12	Low	Low	Moderate	Low	Moderate	Low	High
ugt-31	Low	Low	Low	Low	Rare	Low	High
dot-1.1	High	High	High	High	High	High	High
Y41D4A.6	Moderate	High	Moderate	Moderate	Moderate	High	Moderate
set-23	Low	High	Low	Low	Low	Rare	Low
mvk-1	High	High	High	High	High	High	High
tyr-5	Rare	Low	Low	Rare	Rare	Rare	Low
nuo-5	High	High	High	High	High	High	High
Y45G12B.3	Low	High	High	Low	Moderate	Low	High
rft-2	Low	High	Moderate	Low	Low	Low	Moderate
Y47D9A.1	Moderate	High	High	Moderate	Moderate	High	High
pcaf-1	Moderate	High	Moderate	Moderate	Moderate	Moderate	Moderate
Y47G6A.9	Moderate	High	Moderate	Moderate	Moderate	Moderate	Moderate
pgs-1	Moderate	High	Moderate	Moderate	Moderate	Moderate	Moderate
Y48G8AL.15	Moderate	Moderate	Low	Moderate	Low	Moderate	Low
cpt-3	Rare	Rare	Rare	Rare	Rare	Rare	Rare
ugt-29	Low	Rare	Moderate	Low	Rare	Low	High
hex-4	High	High	High	Moderate	Moderate	Moderate	High
Y51H7C.9	Rare	Low	Low	Low	Rare	Low	Low
Y53G8AL.2	High	High	High	High	High	High	High
Y53G8B.1	Moderate	Low	Rare	Rare	Low	Low	Low
Y53G8B.2	Low	Low	High	Low	High	Rare	Moderate
nduf-5	High	High	Moderate	High	High	Moderate	Moderate
rpb-7	High	High	Moderate	High	Moderate	Low	Low
Y54F10AM.5	Moderate	High	High	Moderate	High	High	Moderate
nprt-1	High	High	Moderate	Moderate	High	High	High
helq-1	High	High	Moderate	High	Moderate	High	High
vha-19	High	High	High	High	High	High	High
mpst-5	Rare	Rare	Rare	Low	Rare	Rare	Rare
mpst-6	Rare	Rare	Rare	Rare	Rare	Rare	Rare
Y65B4A.8	Low	High	High	Low	Moderate	Moderate	High
acs-13	High	High	High	High	High	High	High
dpm-1	Moderate	Moderate	Moderate	Moderate	Moderate	High	Moderate
daao-1	Rare	Low	Rare	Rare	Rare	Rare	High
Y69A2AR.18	High	High	High	High	High	High	High
acsd-1	High	Low	Moderate	Low	Low	Rare	Rare
Y71F9B.9	Low	Low	Moderate	Rare	Low	Rare	High
Y71G12B.10	Moderate	High	Moderate	Moderate	Moderate	Moderate	High
Y71H2AM.2	Moderate	High	Moderate	Moderate	Low	Moderate	Moderate
Y71H2AM.4	High	High	High	High	High	Moderate	Moderate
Y71H2AM.5	High	High	High	High	High	High	High
Y71H2AM.6	Moderate	Moderate	Moderate	Low	Moderate	Moderate	Low
pho-9	Low	Moderate	Low	Rare	Low	Low	High
pfk-1.1	High	Low	Moderate	High	High	Moderate	High
fard-1	Low	Rare	Low	Low	Low	Rare	High
Y71H10B.1	High	Moderate	Moderate	High	Moderate	High	High
tyr-6	Low	Low	High	Low	Low	High	Rare
ipla-6	High	High	High	High	High	High	High
acp-7	Low	Rare	Rare	High	Rare	High	High
Y73B6BL.29	Moderate	High	Moderate	Moderate	Low	Rare	Moderate
hxk-3	High	High	High	High	High	High	High
rpc-11	Moderate	High	Moderate	Moderate	Low	Moderate	Rare
Y82E9BR.3	High	High	High	High	High	High	High
gpx-4	Rare	High	Rare	Low	Low	Rare	Rare
Y94H6A.7	Low	Moderate	Low	Low	Low	Low	Moderate
pde-6	High	Low	Low	Moderate	High	Low	High
abhd-12	Moderate	High	High	Moderate	Moderate	High	Moderate
Y97E10AR.2	Low	Rare	Low	Low	High	Rare	Low
rpb-9	High	High	High	High	Moderate	High	Low
set-33	Rare	Low	Rare	Rare	Rare	Rare	Rare
tyms-1	Low	High	High	Rare	Low	Low	Low
pfkb-1.1	Moderate	High	High	Moderate	High	Moderate	High
hsd-2	Low	Rare	Low	Rare	Low	Rare	Rare
ZC8.6	High	Moderate	High	High	Moderate	High	High
dot-1.5	Rare	Rare	Rare	Rare	Rare	Rare	Rare
ZC155.4	Low	High	Low	Rare	Rare	Low	Rare
ZC262.5	Rare	Rare	Rare	Rare	Rare	Rare	Rare
ZC395.10	High	High	High	High	High	High	High
ZC416.6	Low	Rare	Low	Rare	Rare	Low	High
hsd-3	Low	Rare	Rare	Rare	Rare	Rare	Rare
ZC513.5	Low	High	Moderate	Moderate	Low	Moderate	Moderate
acl-9	Moderate	High	Moderate	High	Moderate	High	Moderate
ZK370.4	High	High	High	High	High	High	High
acp-1	Low	Low	Low	Rare	High	Low	Rare
pmt-1	Low	Rare	High	Moderate	Low	Low	High
upp-1	High	High	Moderate	High	Low	Low	Low
ZK973.11	High	High	Moderate	High	High	Moderate	High
acs-6	Rare	Low	Low	Rare	Rare	Rare	Rare
cth-2	High	Low	High	High	High	Moderate	Moderate
T01G1.4	Moderate	High	Moderate	Moderate	Moderate	High	High
bpnt-1	Moderate	High	High	Moderate	Moderate	Moderate	High
hat-1	Moderate	High	High	Moderate	Low	Moderate	Moderate
Y56A3A.36	Low	Low	Low	High	Low	Low	Moderate
ugt-35	Low	Rare	Rare	Rare	Rare	Rare	Rare
ZK563.7	Moderate	Rare	Low	High	Low	Rare	Rare
Y69A2AL.2	Rare	Low	Rare	Moderate	Rare	Rare	Rare
bus-18	Low	Low	High	Low	Rare	Low	Rare
rft-1	Rare	Low	Low	Rare	Rare	Moderate	High
Y19D10A.16	Rare	Rare	Rare	Rare	Rare	Rare	Rare
T19H5.6	Rare	Rare	Rare	Rare	Rare	Rare	Rare
K03H1.13	Moderate	Low	High	Moderate	Moderate	Low	High
lsy-12	High	High	High	High	High	High	High
Y43F8B.19	Rare	Rare	Low	Low	Rare	Low	Low
C27A2.12	Low	Rare	Low	Low	Low	High	Low
